<?xml version="1.0" encoding="UTF-8" standalone="yes"?>
<t:dossierConsultation xmlns:t="http://www.reseaux-et-canalisations.gouv.fr/schema-teleservice/2.2" xmlns:gml="http://www.opengis.net/gml/3.2" xmlns:xlink="http://www.w3.org/1999/xlink" xmlns:ie="http://xml.insee.fr/schema" xmlns:gts="http://www.isotc211.org/2005/gts" xmlns:gco="http://www.isotc211.org/2005/gco" xmlns:gss="http://www.isotc211.org/2005/gss" xmlns:gsr="http://www.isotc211.org/2005/gsr" xmlns:gmd="http://www.isotc211.org/2005/gmd">
    <t:DT>
        <t:noConsultationDuTeleserviceSeize>2018080301504TDF</t:noConsultationDuTeleserviceSeize>
        <t:noAffaireDuResponsableDuProjet>test polygone</t:noAffaireDuResponsableDuProjet>
        <t:dateDeLaDeclaration>2018-08-03T17:45:43.875+02:00</t:dateDeLaDeclaration>
        <t:typeEntite>PERSONNE_MORALE</t:typeEntite>
        <t:declarationConjointeDTDICT>false</t:declarationConjointeDTDICT>
        <t:responsableDuProjet>
            <t:denomination>Ville de La Rochelle</t:denomination>
            <t:pays>France</t:pays>
        </t:responsableDuProjet>
        <t:representantDuResponsableDeProjet>
            <t:denomination>Garel Frédéric</t:denomination>
            <t:numero>8</t:numero>
            <t:voie>Place Jean Baptiste Marcet</t:voie>
            <t:codePostal>17000</t:codePostal>
            <t:commune>La Rochelle</t:commune>
            <t:personneAcontacter>Garel Frédéric</t:personneAcontacter>
            <t:tel>0546515323</t:tel>
            <t:courriel>frederic.garel@ville-larochelle.fr</t:courriel>
        </t:representantDuResponsableDeProjet>
        <t:emplacementDuProjet>
            <t:adresse>rue Thiers</t:adresse>
            <t:CP>17000</t:CP>
            <t:communePrincipale>LA ROCHELLE</t:communePrincipale>
            <t:codeINSEE>17300</t:codeINSEE>
            <t:nombreDeCommunes>1</t:nombreDeCommunes>
            <t:listeDesEmplacementsDesCommunesConcernees>
                <t:emplacementDeLaCommuneConcernee>
                    <t:nomDeLaCommune>LA ROCHELLE</t:nomDeLaCommune>
                    <t:codeCommune>17000</t:codeCommune>
                    <t:codeINSEE>17300</t:codeINSEE>
                </t:emplacementDeLaCommuneConcernee>
            </t:listeDesEmplacementsDesCommunesConcernees>
        </t:emplacementDuProjet>
        <t:emprise>
            <t:geometrie srsName="urn:ogc:def:crs:EPSG::4171" srsDimension="2" gml:id="dtemprise0">
                <gml:surfaceMembers>
                    <gml:Polygon gml:id="dt0">
                        <gml:exterior>
                            <gml:LinearRing>
<gml:coordinates>-1.149157813285073,46.16156102065642 -1.1486588391018087,46.161475548853026 -1.1486963962983987,46.16126372685505 -1.1491685439126702,46.16133433427833 -1.149157813285073,46.16156102065642</gml:coordinates>
                            </gml:LinearRing>
                        </gml:exterior>
                    </gml:Polygon>
                    <gml:Polygon gml:id="dt1">
                        <gml:exterior>
                            <gml:LinearRing>
<gml:coordinates>-1.1494528948181084,46.161951172997 -1.149866023980596,46.16193630845051 -1.14976943581869,46.16218890985662 -1.1493080188320155,46.16212945190347 -1.1494528948181084,46.161951172997</gml:coordinates>
                            </gml:LinearRing>
                        </gml:exterior>
                    </gml:Polygon>
                    <gml:Polygon gml:id="dt2">
                        <gml:exterior>
                            <gml:LinearRing>
<gml:coordinates>-1.1495548232667485,46.161527436508436 -1.1494689782459715,46.161709528279594 -1.1497211479945033,46.16175783824021 -1.149887472722258,46.16156831430543 -1.1495548232667485,46.161527436508436</gml:coordinates>
                            </gml:LinearRing>
                        </gml:exterior>
                    </gml:Polygon>
                </gml:surfaceMembers>
            </t:geometrie>
            <t:surface>2272.568790380677</t:surface>
            <t:referenceDelaCarte>Photographies aériennes: Géoportail Numérique 2010; Carte: 2012; Limites administratives: 2011</t:referenceDelaCarte>
        </t:emprise>
        <t:souhaitsPourLeRecepisse>
            <t:modeReceptionElectronique>
                <t:tailleDesPlans>A1</t:tailleDesPlans>
                <t:couleurDesPlans>true</t:couleurDesPlans>
                <t:souhaitDePlansVectoriels>true</t:souhaitDePlansVectoriels>
                <t:formatDesPlansVectoriels>MIF_MID</t:formatDesPlansVectoriels>
            </t:modeReceptionElectronique>
        </t:souhaitsPourLeRecepisse>
        <t:projetEtSonCalendrier>
            <t:natureDesTravaux>TER</t:natureDesTravaux>
            <t:decrivezLeProjet>test</t:decrivezLeProjet>
            <t:emploiDeTechniquesSansTranchees>false</t:emploiDeTechniquesSansTranchees>
            <t:distanceMinimaleEntreLesTravauxEtLaLigneElectrique>5.00</t:distanceMinimaleEntreLesTravauxEtLaLigneElectrique>
            <t:souhaitLesPlansDesReseauxElectriqueAeriens>true</t:souhaitLesPlansDesReseauxElectriqueAeriens>
            <t:datePrevuePourLeCommencementDesTravaux>2018-11-01+01:00</t:datePrevuePourLeCommencementDesTravaux>
            <t:dureeDuChantierEnJours>2</t:dureeDuChantierEnJours>
        </t:projetEtSonCalendrier>
        <t:signatureDuResponsableDuProjetOuDeSonRepresentant>
            <t:nomDuSignataire>Frédéric Garel</t:nomDuSignataire>
        </t:signatureDuResponsableDuProjetOuDeSonRepresentant>
    </t:DT>
    <t:listeDesOuvrages>
        <t:ouvrage>
            <t:contact>
                <t:societe>GRDF - Direction Réseaux Ouest</t:societe>
                <t:agence>CHEZ PROTYS P0063</t:agence>
                <t:lieuDitBP>CS 90125</t:lieuDitBP>
                <t:codePostal>27091</t:codePostal>
                <t:commune>EVREUX CEDEX 9</t:commune>
                <t:codePays>FR</t:codePays>
                <t:fax>0972569682</t:fax>
                <t:courriel>14600433C.GRDF@demat.protys.fr</t:courriel>
                <t:telephone>0228034630</t:telephone>
                <t:telephoneUrgence>0810300360</t:telephoneUrgence>
                <t:faxUrgence>0972569682</t:faxUrgence>
                <t:mailUrgence>14600433C.GRDF@demat.protys.fr</t:mailUrgence>
                <t:telEndommagement>0800473333</t:telEndommagement>
                <t:site>www.protys.fr</t:site>
                <t:gestionDesFichiersDematerialises>
                    <t:gereLesFichiersDematerialises>true</t:gereLesFichiersDematerialises>
                    <t:formatDesFichiersDematerialises>XML_PDF</t:formatDesFichiersDematerialises>
                </t:gestionDesFichiersDematerialises>
            </t:contact>
            <t:categorieOuvrage>S</t:categorieOuvrage>
            <t:classeOuvrage>CANALISATIONS_GAZ_COMBUSTIBLES</t:classeOuvrage>
            <t:codeOuvrage>GRDFPDLP</t:codeOuvrage>
            <t:statut>ACTIF</t:statut>
            <t:dateCreation>2018-07-08+02:00</t:dateCreation>
        </t:ouvrage>
        <t:ouvrage>
            <t:contact>
                <t:societe>VILLE DE LA ROCHELLE</t:societe>
                <t:voie>HOTEL DE VILLE</t:voie>
                <t:codePostal>17086</t:codePostal>
                <t:commune>LA ROCHELLE CEDEX 1</t:commune>
                <t:codePays>FR</t:codePays>
                <t:fax>0546377111</t:fax>
                <t:courriel>dt.dict@ville-larochelle.fr</t:courriel>
                <t:telephone>0546511433</t:telephone>
                <t:telephoneUrgence>0546515151</t:telephoneUrgence>
                <t:faxUrgence>0546515086</t:faxUrgence>
                <t:telEndommagement>0546515151</t:telEndommagement>
                <t:gestionDesFichiersDematerialises>
                    <t:gereLesFichiersDematerialises>false</t:gereLesFichiersDematerialises>
                </t:gestionDesFichiersDematerialises>
            </t:contact>
            <t:categorieOuvrage>S</t:categorieOuvrage>
            <t:classeOuvrage>LIGNES_ELECTRIQUES_ET_ECLAIRAGE_PUBLIC_HORS_TBT</t:classeOuvrage>
            <t:codeOuvrage>ECL01</t:codeOuvrage>
            <t:statut>ACTIF</t:statut>
            <t:dateCreation>2012-10-07+02:00</t:dateCreation>
        </t:ouvrage>
        <t:ouvrage>
            <t:contact>
                <t:societe>VILLE DE LA ROCHELLE</t:societe>
                <t:voie>HOTEL DE VILLE</t:voie>
                <t:codePostal>17086</t:codePostal>
                <t:commune>LA ROCHELLE CEDEX 1</t:commune>
                <t:codePays>FR</t:codePays>
                <t:fax>0546377111</t:fax>
                <t:courriel>dt.dict@ville-larochelle.fr</t:courriel>
                <t:telephone>0546511433</t:telephone>
                <t:telEndommagement>0546515151</t:telEndommagement>
                <t:gestionDesFichiersDematerialises>
                    <t:gereLesFichiersDematerialises>false</t:gereLesFichiersDematerialises>
                </t:gestionDesFichiersDematerialises>
            </t:contact>
            <t:categorieOuvrage>NS</t:categorieOuvrage>
            <t:classeOuvrage>CANALISATIONS_EAU_POTABLE</t:classeOuvrage>
            <t:codeOuvrage>EAUPOT01</t:codeOuvrage>
            <t:statut>ACTIF</t:statut>
            <t:dateCreation>2012-10-07+02:00</t:dateCreation>
        </t:ouvrage>
        <t:ouvrage>
            <t:contact>
                <t:nom>
                    <ie:NomFamille>Cassegrain</ie:NomFamille>
                </t:nom>
                <t:prenom>
                    <ie:Prenom>Thierry</ie:Prenom>
                </t:prenom>
                <t:societe>Communauté d’Agglomération de La Rochelle</t:societe>
                <t:agence>Service Assainissement</t:agence>
                <t:complement>CS 30001</t:complement>
                <t:numero>16</t:numero>
                <t:voie>rue de Vaucanson</t:voie>
                <t:codePostal>17183</t:codePostal>
                <t:commune>PERIGNY Cedex</t:commune>
                <t:codePays>FR</t:codePays>
                <t:fax>0546684271</t:fax>
                <t:courriel>dtdict@agglo-larochelle.fr</t:courriel>
                <t:telephone>0546684264</t:telephone>
                <t:telephoneUrgence>0546303400</t:telephoneUrgence>
                <t:telEndommagement>0546684264</t:telEndommagement>
                <t:site>www.agglo-larochelle.fr</t:site>
                <t:gestionDesFichiersDematerialises>
                    <t:gereLesFichiersDematerialises>true</t:gereLesFichiersDematerialises>
                    <t:formatDesFichiersDematerialises>XML_PDF</t:formatDesFichiersDematerialises>
                </t:gestionDesFichiersDematerialises>
            </t:contact>
            <t:categorieOuvrage>NS</t:categorieOuvrage>
            <t:classeOuvrage>CANALISATIONS_EAUX_USEES_OU_ASSAINISSEMENT</t:classeOuvrage>
            <t:codeOuvrage>REU</t:codeOuvrage>
            <t:statut>ACTIF</t:statut>
            <t:dateCreation>2016-07-03+02:00</t:dateCreation>
        </t:ouvrage>
        <t:ouvrage>
            <t:contact>
                <t:societe>ORANGE DT DICT</t:societe>
                <t:agence>UI AQUITAINE POLE MDM DICTP0</t:agence>
                <t:voie>TSA 50010</t:voie>
                <t:codePostal>64210</t:codePostal>
                <t:commune>BIDART cedex</t:commune>
                <t:codePays>FR</t:codePays>
                <t:fax>0140874137</t:fax>
                <t:courriel>FT40P0.FTO@demat.protys.fr</t:courriel>
                <t:telephone>0558449700</t:telephone>
                <t:mailUrgence>FT40P0.FTO@demat.protys.fr</t:mailUrgence>
                <t:telEndommagement>0810300111</t:telEndommagement>
                <t:site>www.protys.fr</t:site>
                <t:gestionDesFichiersDematerialises>
                    <t:gereLesFichiersDematerialises>true</t:gereLesFichiersDematerialises>
                    <t:formatDesFichiersDematerialises>XML_PDF</t:formatDesFichiersDematerialises>
                </t:gestionDesFichiersDematerialises>
            </t:contact>
            <t:categorieOuvrage>NS</t:categorieOuvrage>
            <t:classeOuvrage>COMMUNICATIONS_ELECTRONIQUES_ET_LIGNES_ELECTRIQUES_ECLAIRAGE_TBT</t:classeOuvrage>
            <t:codeOuvrage>FTO-17</t:codeOuvrage>
            <t:statut>ACTIF</t:statut>
            <t:dateCreation>2018-06-10+02:00</t:dateCreation>
        </t:ouvrage>
        <t:ouvrage>
            <t:contact>
                <t:nom>
                    <ie:NomFamille>DITTLO</ie:NomFamille>
                </t:nom>
                <t:prenom>
                    <ie:Prenom>MARTINE</ie:Prenom>
                </t:prenom>
                <t:societe>17 NUMERIQUE</t:societe>
                <t:agence>Gestion DT-DICT chez AXIONE</t:agence>
                <t:numero>132</t:numero>
                <t:voie> boulevard CAMELINAT</t:voie>
                <t:codePostal>92240</t:codePostal>
                <t:commune>MALAKOFF</t:commune>
                <t:codePays>FR</t:codePays>
                <t:fax>0172258081</t:fax>
                <t:courriel>17.numerique.dict@axionesi.net</t:courriel>
                <t:telephone>0178160080</t:telephone>
                <t:telephoneUrgence>0533740217</t:telephoneUrgence>
                <t:faxUrgence>0172258081</t:faxUrgence>
                <t:mailUrgence>17.numerique.dict@axionesi.net</t:mailUrgence>
                <t:telEndommagement>0533740217</t:telEndommagement>
                <t:site>http://17numerique.olm.fr/</t:site>
                <t:gestionDesFichiersDematerialises>
                    <t:gereLesFichiersDematerialises>true</t:gereLesFichiersDematerialises>
                    <t:formatDesFichiersDematerialises>XML_PDF</t:formatDesFichiersDematerialises>
                </t:gestionDesFichiersDematerialises>
            </t:contact>
            <t:categorieOuvrage>NS</t:categorieOuvrage>
            <t:classeOuvrage>COMMUNICATIONS_ELECTRONIQUES_ET_LIGNES_ELECTRIQUES_ECLAIRAGE_TBT</t:classeOuvrage>
            <t:codeOuvrage>1095_56190_46251</t:codeOuvrage>
            <t:statut>ACTIF</t:statut>
            <t:dateCreation>2018-06-17+02:00</t:dateCreation>
        </t:ouvrage>
        <t:ouvrage>
            <t:contact>
                <t:societe>VILLE DE LA ROCHELLE</t:societe>
                <t:voie>HOTEL DE VILLE</t:voie>
                <t:codePostal>17086</t:codePostal>
                <t:commune>LA ROCHELLE CEDEX 1</t:commune>
                <t:codePays>FR</t:codePays>
                <t:fax>0546377111</t:fax>
                <t:courriel>dt.dict@ville-larochelle.fr</t:courriel>
                <t:telephone>0546511433</t:telephone>
                <t:telEndommagement>0546515151</t:telEndommagement>
                <t:gestionDesFichiersDematerialises>
                    <t:gereLesFichiersDematerialises>false</t:gereLesFichiersDematerialises>
                </t:gestionDesFichiersDematerialises>
            </t:contact>
            <t:categorieOuvrage>NS</t:categorieOuvrage>
            <t:classeOuvrage>COMMUNICATIONS_ELECTRONIQUES_ET_LIGNES_ELECTRIQUES_ECLAIRAGE_TBT</t:classeOuvrage>
            <t:codeOuvrage>FO_001</t:codeOuvrage>
            <t:statut>ACTIF</t:statut>
            <t:dateCreation>2012-10-07+02:00</t:dateCreation>
        </t:ouvrage>
        <t:ouvrage>
            <t:contact>
                <t:societe>ENEDIS-DRPCH-POITOU-CHARENTES</t:societe>
                <t:agence>CHEZ PROTYS P0101</t:agence>
                <t:lieuDitBP>CS 90125</t:lieuDitBP>
                <t:codePostal>27091</t:codePostal>
                <t:commune>EVREUX CEDEX 9</t:commune>
                <t:codePays>FR</t:codePays>
                <t:fax>0972569720</t:fax>
                <t:courriel>0000000000405rwy.ENEDIS@demat.protys.fr</t:courriel>
                <t:telephone>0546883423</t:telephone>
                <t:telephoneUrgence>0181624701</t:telephoneUrgence>
                <t:faxUrgence>0972569720</t:faxUrgence>
                <t:mailUrgence>0000000000405rwy.ENEDIS@demat.protys.fr</t:mailUrgence>
                <t:telEndommagement>0176614701</t:telEndommagement>
                <t:gestionDesFichiersDematerialises>
                    <t:gereLesFichiersDematerialises>true</t:gereLesFichiersDematerialises>
                    <t:formatDesFichiersDematerialises>XML_PDF</t:formatDesFichiersDematerialises>
                </t:gestionDesFichiersDematerialises>
            </t:contact>
            <t:categorieOuvrage>S</t:categorieOuvrage>
            <t:classeOuvrage>LIGNES_ELECTRIQUES_ET_ECLAIRAGE_PUBLIC_HORS_TBT</t:classeOuvrage>
            <t:codeOuvrage>ENEDIS-0000000000405RWY^1</t:codeOuvrage>
            <t:statut>ACTIF</t:statut>
            <t:dateCreation>2018-07-29+02:00</t:dateCreation>
        </t:ouvrage>
        <t:ouvrage>
            <t:contact>
                <t:societe>VILLE DE LA ROCHELLE</t:societe>
                <t:voie>HOTEL DE VILLE</t:voie>
                <t:codePostal>17086</t:codePostal>
                <t:commune>LA ROCHELLE CEDEX 1</t:commune>
                <t:codePays>FR</t:codePays>
                <t:fax>0546377111</t:fax>
                <t:courriel>dt.dict@ville-larochelle.fr</t:courriel>
                <t:telephone>0546511433</t:telephone>
                <t:telEndommagement>0546515151</t:telEndommagement>
                <t:gestionDesFichiersDematerialises>
                    <t:gereLesFichiersDematerialises>false</t:gereLesFichiersDematerialises>
                </t:gestionDesFichiersDematerialises>
            </t:contact>
            <t:categorieOuvrage>NS</t:categorieOuvrage>
            <t:classeOuvrage>CANALISATIONS_EAUX_USEES_OU_ASSAINISSEMENT</t:classeOuvrage>
            <t:codeOuvrage>ASSPL01</t:codeOuvrage>
            <t:statut>ACTIF</t:statut>
            <t:dateCreation>2012-10-07+02:00</t:dateCreation>
        </t:ouvrage>
    </t:listeDesOuvrages>
    <t:listeDesREADE/>
</t:dossierConsultation>
