<?xml version="1.0" encoding="UTF-8" standalone="yes"?>
<t:dossierConsultation xmlns:t="http://www.reseaux-et-canalisations.gouv.fr/schema-teleservice/2.2" xmlns:gml="http://www.opengis.net/gml/3.2" xmlns:xlink="http://www.w3.org/1999/xlink" xmlns:ie="http://xml.insee.fr/schema" xmlns:gts="http://www.isotc211.org/2005/gts" xmlns:gco="http://www.isotc211.org/2005/gco" xmlns:gss="http://www.isotc211.org/2005/gss" xmlns:gsr="http://www.isotc211.org/2005/gsr" xmlns:gmd="http://www.isotc211.org/2005/gmd">
    <t:DT>
        <t:noConsultationDuTeleserviceSeize>2016112300228TCU</t:noConsultationDuTeleserviceSeize>
        <t:noAffaireDuResponsableDuProjet>Rue des moureilles</t:noAffaireDuResponsableDuProjet>
        <t:dateDeLaDeclaration>2016-11-23T09:18:43.212+01:00</t:dateDeLaDeclaration>
        <t:typeEntite>PERSONNE_MORALE</t:typeEntite>
        <t:declarationConjointeDTDICT>false</t:declarationConjointeDTDICT>
        <t:responsableDuProjet>
            <t:denomination>Ville de La Rochelle</t:denomination>
            <t:pays>France</t:pays>
        </t:responsableDuProjet>
        <t:representantDuResponsableDeProjet>
            <t:denomination>Garel Frédéric</t:denomination>
            <t:numero>8</t:numero>
            <t:voie>Place Jean Baptiste Marcet</t:voie>
            <t:codePostal>17000</t:codePostal>
            <t:commune>La Rochelle</t:commune>
            <t:personneAcontacter>Garel Frédéric</t:personneAcontacter>
            <t:tel>0546515323</t:tel>
            <t:courriel>frederic.garel@ville-larochelle.fr</t:courriel>
        </t:representantDuResponsableDeProjet>
        <t:emplacementDuProjet>
            <t:adresse>Rue des Moureilles</t:adresse>
            <t:CP>17000</t:CP>
            <t:communePrincipale>LA ROCHELLE</t:communePrincipale>
            <t:codeINSEE>17300</t:codeINSEE>
            <t:nombreDeCommunes>1</t:nombreDeCommunes>
            <t:listeDesEmplacementsDesCommunesConcernees>
                <t:emplacementDeLaCommuneConcernee>
                    <t:nomDeLaCommune>LA ROCHELLE</t:nomDeLaCommune>
                    <t:codeCommune>17000</t:codeCommune>
                    <t:codeINSEE>17300</t:codeINSEE>
                </t:emplacementDeLaCommuneConcernee>
            </t:listeDesEmplacementsDesCommunesConcernees>
        </t:emplacementDuProjet>
        <t:emprise>
            <t:geometrie srsName="urn:ogc:def:crs:EPSG::4171" srsDimension="2" gml:id="dtemprise0">
                <gml:surfaceMembers>
                    <gml:Polygon gml:id="dt0">
                        <gml:exterior>
                            <gml:LinearRing>
<gml:coordinates>-1.150685915618305,46.158904864405734 -1.150608131593798,46.15896245803018 -1.1505169365305818,46.158904864405734 -1.1506242248402474,46.15881754492461 -1.1507502886041039,46.15884355499731 -1.1507449241886205,46.15886956505773 -1.150718102111204,46.15888628580435 -1.150685915618305,46.158904864405734</gml:coordinates>
                            </gml:LinearRing>
                        </gml:exterior>
                    </gml:Polygon>
                </gml:surfaceMembers>
            </t:geometrie>
            <t:surface>151.15274698613212</t:surface>
            <t:referenceDelaCarte>Parcelles cadastrales: 13/07/11</t:referenceDelaCarte>
        </t:emprise>
        <t:souhaitsPourLeRecepisse>
            <t:modeReceptionElectronique>
                <t:tailleDesPlans>A3</t:tailleDesPlans>
                <t:couleurDesPlans>true</t:couleurDesPlans>
                <t:souhaitDePlansVectoriels>true</t:souhaitDePlansVectoriels>
                <t:formatDesPlansVectoriels>SHAPE</t:formatDesPlansVectoriels>
            </t:modeReceptionElectronique>
        </t:souhaitsPourLeRecepisse>
        <t:projetEtSonCalendrier>
            <t:natureDesTravaux>TER</t:natureDesTravaux>
            <t:decrivezLeProjet>Dévoiement de réseaux</t:decrivezLeProjet>
            <t:emploiDeTechniquesSansTranchees>false</t:emploiDeTechniquesSansTranchees>
            <t:souhaitLesPlansDesReseauxElectriqueAeriens>true</t:souhaitLesPlansDesReseauxElectriqueAeriens>
            <t:datePrevuePourLeCommencementDesTravaux>2017-03-01+01:00</t:datePrevuePourLeCommencementDesTravaux>
            <t:dureeDuChantierEnJours>3</t:dureeDuChantierEnJours>
        </t:projetEtSonCalendrier>
        <t:investigationsComplementaires>
            <t:realisationDInvestigationsComplementaires>false</t:realisationDInvestigationsComplementaires>
        </t:investigationsComplementaires>
        <t:signatureDuResponsableDuProjetOuDeSonRepresentant>
            <t:nomDuSignataire>Garel Frédéric</t:nomDuSignataire>
        </t:signatureDuResponsableDuProjetOuDeSonRepresentant>
    </t:DT>
    <t:listeDesOuvrages>
        <t:ouvrage>
            <t:contact>
                <t:societe>ERDF DR POITOU-CHARENTES</t:societe>
                <t:complement>CS 50250</t:complement>
                <t:numero>2</t:numero>
                <t:voie>Boulevard Aristide BRIAND</t:voie>
                <t:codePostal>17305</t:codePostal>
                <t:commune>ROCHEFORT CEDEX</t:commune>
                <t:codePays>FR</t:codePays>
                <t:fax>0344625435</t:fax>
                <t:courriel>0000000000405rwy.ERDFNAT@demat.protys.fr</t:courriel>
                <t:telephone>0546883423</t:telephone>
                <t:telephoneUrgence>0181624701</t:telephoneUrgence>
                <t:faxUrgence>0344625435</t:faxUrgence>
                <t:mailUrgence>0000000000405rwy.ERDFNAT@demat.protys.fr</t:mailUrgence>
                <t:telEndommagement>0176614701</t:telEndommagement>
                <t:gestionDesFichiersDematerialises>
                    <t:gereLesFichiersDematerialises>true</t:gereLesFichiersDematerialises>
                    <t:formatDesFichiersDematerialises>XML_PDF</t:formatDesFichiersDematerialises>
                </t:gestionDesFichiersDematerialises>
            </t:contact>
            <t:categorieOuvrage>S</t:categorieOuvrage>
            <t:classeOuvrage>LIGNES_ELECTRIQUES_ET_ECLAIRAGE_PUBLIC_HORS_TBT</t:classeOuvrage>
            <t:codeOuvrage>ENEDIS</t:codeOuvrage>
            <t:statut>ACTIF</t:statut>
            <t:dateCreation>2016-11-20+01:00</t:dateCreation>
        </t:ouvrage>
        <t:ouvrage>
            <t:contact>
                <t:societe>VILLE DE LA ROCHELLE</t:societe>
                <t:voie>HOTEL DE VILLE</t:voie>
                <t:codePostal>17086</t:codePostal>
                <t:commune>LA ROCHELLE CEDEX 1</t:commune>
                <t:codePays>FR</t:codePays>
                <t:fax>0546377111</t:fax>
                <t:courriel>dt.dict@ville-larochelle.fr</t:courriel>
                <t:telephone>0546511433</t:telephone>
                <t:telephoneUrgence>0546515151</t:telephoneUrgence>
                <t:faxUrgence>0546515086</t:faxUrgence>
                <t:telEndommagement>0546515151</t:telEndommagement>
                <t:gestionDesFichiersDematerialises>
                    <t:gereLesFichiersDematerialises>false</t:gereLesFichiersDematerialises>
                </t:gestionDesFichiersDematerialises>
            </t:contact>
            <t:categorieOuvrage>S</t:categorieOuvrage>
            <t:classeOuvrage>LIGNES_ELECTRIQUES_ET_ECLAIRAGE_PUBLIC_HORS_TBT</t:classeOuvrage>
            <t:codeOuvrage>ECL01</t:codeOuvrage>
            <t:statut>ACTIF</t:statut>
            <t:dateCreation>2012-10-07+02:00</t:dateCreation>
        </t:ouvrage>
        <t:ouvrage>
            <t:contact>
                <t:societe>GRDF UNITÉ RÉSEAU GAZ PDL PC</t:societe>
                <t:agence>C2T PDLPC</t:agence>
                <t:complement>TSA 30604</t:complement>
                <t:numero>363</t:numero>
                <t:voie>BD MARCEL PAUL</t:voie>
                <t:codePostal>44804</t:codePostal>
                <t:commune>ST HERBLAIN CEDEX</t:commune>
                <t:codePays>FR</t:codePays>
                <t:fax>0344623528</t:fax>
                <t:courriel>14600433C.GRDF@demat.protys.fr</t:courriel>
                <t:telephone>0228034630</t:telephone>
                <t:telephoneUrgence>0810300360</t:telephoneUrgence>
                <t:faxUrgence>0344623528</t:faxUrgence>
                <t:mailUrgence>14600433C.GRDF@demat.protys.fr</t:mailUrgence>
                <t:telEndommagement>0800473333</t:telEndommagement>
                <t:site>www.protys.fr</t:site>
                <t:gestionDesFichiersDematerialises>
                    <t:gereLesFichiersDematerialises>true</t:gereLesFichiersDematerialises>
                    <t:formatDesFichiersDematerialises>XML_PDF</t:formatDesFichiersDematerialises>
                </t:gestionDesFichiersDematerialises>
            </t:contact>
            <t:categorieOuvrage>S</t:categorieOuvrage>
            <t:classeOuvrage>CANALISATIONS_GAZ_COMBUSTIBLES</t:classeOuvrage>
            <t:codeOuvrage>GRDFPDLP</t:codeOuvrage>
            <t:statut>ACTIF</t:statut>
            <t:dateCreation>2016-09-25+02:00</t:dateCreation>
        </t:ouvrage>
        <t:ouvrage>
            <t:contact>
                <t:societe>VILLE DE LA ROCHELLE</t:societe>
                <t:voie>HOTEL DE VILLE</t:voie>
                <t:codePostal>17086</t:codePostal>
                <t:commune>LA ROCHELLE CEDEX 1</t:commune>
                <t:codePays>FR</t:codePays>
                <t:fax>0546377111</t:fax>
                <t:courriel>dt.dict@ville-larochelle.fr</t:courriel>
                <t:telephone>0546511433</t:telephone>
                <t:telEndommagement>0546515151</t:telEndommagement>
                <t:gestionDesFichiersDematerialises>
                    <t:gereLesFichiersDematerialises>false</t:gereLesFichiersDematerialises>
                </t:gestionDesFichiersDematerialises>
            </t:contact>
            <t:categorieOuvrage>NS</t:categorieOuvrage>
            <t:classeOuvrage>CANALISATIONS_EAU_POTABLE</t:classeOuvrage>
            <t:codeOuvrage>EAUPOT01</t:codeOuvrage>
            <t:statut>ACTIF</t:statut>
            <t:dateCreation>2012-10-07+02:00</t:dateCreation>
        </t:ouvrage>
        <t:ouvrage>
            <t:contact>
                <t:nom>
                    <ie:NomFamille>Cassegrain</ie:NomFamille>
                </t:nom>
                <t:prenom>
                    <ie:Prenom>Thierry</ie:Prenom>
                </t:prenom>
                <t:societe>Communauté d’Agglomération de La Rochelle</t:societe>
                <t:agence>Service Assainissement</t:agence>
                <t:complement>CS 30001</t:complement>
                <t:numero>16</t:numero>
                <t:voie>rue de Vaucanson</t:voie>
                <t:codePostal>17183</t:codePostal>
                <t:commune>PERIGNY Cedex</t:commune>
                <t:codePays>FR</t:codePays>
                <t:fax>0546684271</t:fax>
                <t:courriel>dtdict@agglo-larochelle.fr</t:courriel>
                <t:telephone>0546684264</t:telephone>
                <t:telephoneUrgence>0546303400</t:telephoneUrgence>
                <t:telEndommagement>0546684264</t:telEndommagement>
                <t:site>www.agglo-larochelle.fr</t:site>
                <t:gestionDesFichiersDematerialises>
                    <t:gereLesFichiersDematerialises>true</t:gereLesFichiersDematerialises>
                    <t:formatDesFichiersDematerialises>XML_PDF</t:formatDesFichiersDematerialises>
                </t:gestionDesFichiersDematerialises>
            </t:contact>
            <t:categorieOuvrage>NS</t:categorieOuvrage>
            <t:classeOuvrage>CANALISATIONS_EAUX_USEES_OU_ASSAINISSEMENT</t:classeOuvrage>
            <t:codeOuvrage>REU</t:codeOuvrage>
            <t:statut>ACTIF</t:statut>
            <t:dateCreation>2016-07-03+02:00</t:dateCreation>
        </t:ouvrage>
        <t:ouvrage>
            <t:contact>
                <t:nom>
                    <ie:NomFamille>DITTLO</ie:NomFamille>
                </t:nom>
                <t:prenom>
                    <ie:Prenom>MARTINE</ie:Prenom>
                </t:prenom>
                <t:societe>17 NUMERIQUE</t:societe>
                <t:agence>Gestion DT-DICT chez AXIONE</t:agence>
                <t:numero>132</t:numero>
                <t:voie> boulevard CAMELINAT</t:voie>
                <t:codePostal>92240</t:codePostal>
                <t:commune>MALAKOFF</t:commune>
                <t:codePays>FR</t:codePays>
                <t:fax>0172258081</t:fax>
                <t:courriel>17.numerique.dict@axionesi.net</t:courriel>
                <t:telephone>0178160080</t:telephone>
                <t:telephoneUrgence>0533740217</t:telephoneUrgence>
                <t:faxUrgence>0172258081</t:faxUrgence>
                <t:mailUrgence>17.numerique.dict@axionesi.net</t:mailUrgence>
                <t:telEndommagement>0533740217</t:telEndommagement>
                <t:site>http://17numerique.olm.fr/</t:site>
                <t:gestionDesFichiersDematerialises>
                    <t:gereLesFichiersDematerialises>true</t:gereLesFichiersDematerialises>
                    <t:formatDesFichiersDematerialises>XML_PDF</t:formatDesFichiersDematerialises>
                </t:gestionDesFichiersDematerialises>
            </t:contact>
            <t:categorieOuvrage>NS</t:categorieOuvrage>
            <t:classeOuvrage>COMMUNICATIONS_ELECTRONIQUES_ET_LIGNES_ELECTRIQUES_ECLAIRAGE_TBT</t:classeOuvrage>
            <t:codeOuvrage>1095_56190_46251</t:codeOuvrage>
            <t:statut>ACTIF</t:statut>
            <t:dateCreation>2016-09-18+02:00</t:dateCreation>
        </t:ouvrage>
        <t:ouvrage>
            <t:contact>
                <t:societe>ORANGE DT DICT</t:societe>
                <t:agence>UI AQUITAINE POLE MDM DICTP0</t:agence>
                <t:voie>TSA 50010</t:voie>
                <t:codePostal>64210</t:codePostal>
                <t:commune>BIDART cedex</t:commune>
                <t:codePays>FR</t:codePays>
                <t:fax>0140874137</t:fax>
                <t:courriel>FT40P0.FTO@demat.protys.fr</t:courriel>
                <t:telephone>0558449700</t:telephone>
                <t:mailUrgence>FT40P0.FTO@demat.protys.fr</t:mailUrgence>
                <t:telEndommagement>0810300111</t:telEndommagement>
                <t:site>www.protys.fr</t:site>
                <t:gestionDesFichiersDematerialises>
                    <t:gereLesFichiersDematerialises>true</t:gereLesFichiersDematerialises>
                    <t:formatDesFichiersDematerialises>XML_PDF</t:formatDesFichiersDematerialises>
                </t:gestionDesFichiersDematerialises>
            </t:contact>
            <t:categorieOuvrage>NS</t:categorieOuvrage>
            <t:classeOuvrage>COMMUNICATIONS_ELECTRONIQUES_ET_LIGNES_ELECTRIQUES_ECLAIRAGE_TBT</t:classeOuvrage>
            <t:codeOuvrage>FTO-17</t:codeOuvrage>
            <t:statut>ACTIF</t:statut>
            <t:dateCreation>2016-11-06+01:00</t:dateCreation>
        </t:ouvrage>
        <t:ouvrage>
            <t:contact>
                <t:societe>VILLE DE LA ROCHELLE</t:societe>
                <t:voie>HOTEL DE VILLE</t:voie>
                <t:codePostal>17086</t:codePostal>
                <t:commune>LA ROCHELLE CEDEX 1</t:commune>
                <t:codePays>FR</t:codePays>
                <t:fax>0546377111</t:fax>
                <t:courriel>dt.dict@ville-larochelle.fr</t:courriel>
                <t:telephone>0546511433</t:telephone>
                <t:telEndommagement>0546515151</t:telEndommagement>
                <t:gestionDesFichiersDematerialises>
                    <t:gereLesFichiersDematerialises>false</t:gereLesFichiersDematerialises>
                </t:gestionDesFichiersDematerialises>
            </t:contact>
            <t:categorieOuvrage>NS</t:categorieOuvrage>
            <t:classeOuvrage>COMMUNICATIONS_ELECTRONIQUES_ET_LIGNES_ELECTRIQUES_ECLAIRAGE_TBT</t:classeOuvrage>
            <t:codeOuvrage>FO_001</t:codeOuvrage>
            <t:statut>ACTIF</t:statut>
            <t:dateCreation>2012-10-07+02:00</t:dateCreation>
        </t:ouvrage>
        <t:ouvrage>
            <t:contact>
                <t:nom>
                    <ie:NomFamille>RINALDI</ie:NomFamille>
                </t:nom>
                <t:prenom>
                    <ie:Prenom>MARIO</ie:Prenom>
                </t:prenom>
                <t:societe>SISP</t:societe>
                <t:voie>QUAI MODERE LOMBARD</t:voie>
                <t:codePostal>17000</t:codePostal>
                <t:commune>LA ROCHELLE</t:commune>
                <t:codePays>FR</t:codePays>
                <t:fax>0546676560</t:fax>
                <t:courriel>m.rinaldi@sisp-liquides.com</t:courriel>
                <t:telephone>0618860111</t:telephone>
                <t:telephoneUrgence>0603172479</t:telephoneUrgence>
                <t:mailUrgence>m.rinaldi@sisp-liquides.com</t:mailUrgence>
                <t:telEndommagement>0603172479</t:telEndommagement>
                <t:gestionDesFichiersDematerialises>
                    <t:gereLesFichiersDematerialises>true</t:gereLesFichiersDematerialises>
                    <t:formatDesFichiersDematerialises>XML_PDF</t:formatDesFichiersDematerialises>
                </t:gestionDesFichiersDematerialises>
            </t:contact>
            <t:categorieOuvrage>S</t:categorieOuvrage>
            <t:classeOuvrage>CANALISATIONS_PRODUITS_CHIMIQUES_LIQUIDES_OU_GAZEUX</t:classeOuvrage>
            <t:positionnementOuvrage>AERIEN_ET_SOUTERRAIN</t:positionnementOuvrage>
            <t:codeOuvrage>PQL_03</t:codeOuvrage>
            <t:statut>ACTIF</t:statut>
            <t:dateCreation>2016-06-12+02:00</t:dateCreation>
        </t:ouvrage>
        <t:ouvrage>
            <t:contact>
                <t:nom>
                    <ie:NomFamille>MME GERME</ie:NomFamille>
                </t:nom>
                <t:societe>SFR</t:societe>
                <t:agence>SERVICE DICT - SUD OUEST</t:agence>
                <t:complement>CS 50507 CHAMPS SUR MARNE</t:complement>
                <t:numero>10</t:numero>
                <t:voie>RUE ALBERT EINSTEIN</t:voie>
                <t:codePostal>77447</t:codePostal>
                <t:commune>MARNE LA VALLEE CEDEX 02</t:commune>
                <t:codePays>FR</t:codePays>
                <t:fax>0000000000</t:fax>
                <t:courriel>dictsfr@ncnumericable.com</t:courriel>
                <t:telephone>0170014625</t:telephone>
                <t:telephoneUrgence>0170014625</t:telephoneUrgence>
                <t:faxUrgence>0000000000</t:faxUrgence>
                <t:mailUrgence>dictsfr@ncnumericable.com</t:mailUrgence>
                <t:telEndommagement>0805200410</t:telEndommagement>
                <t:gestionDesFichiersDematerialises>
                    <t:gereLesFichiersDematerialises>true</t:gereLesFichiersDematerialises>
                    <t:formatDesFichiersDematerialises>XML_PDF</t:formatDesFichiersDematerialises>
                </t:gestionDesFichiersDematerialises>
            </t:contact>
            <t:categorieOuvrage>NS</t:categorieOuvrage>
            <t:classeOuvrage>COMMUNICATIONS_ELECTRONIQUES_ET_LIGNES_ELECTRIQUES_ECLAIRAGE_TBT</t:classeOuvrage>
            <t:codeOuvrage>SFR_DICT_NOV_2015</t:codeOuvrage>
            <t:statut>ACTIF</t:statut>
            <t:dateCreation>2016-01-31+01:00</t:dateCreation>
        </t:ouvrage>
        <t:ouvrage>
            <t:contact>
                <t:societe>VILLE DE LA ROCHELLE</t:societe>
                <t:voie>HOTEL DE VILLE</t:voie>
                <t:codePostal>17086</t:codePostal>
                <t:commune>LA ROCHELLE CEDEX 1</t:commune>
                <t:codePays>FR</t:codePays>
                <t:fax>0546377111</t:fax>
                <t:courriel>dt.dict@ville-larochelle.fr</t:courriel>
                <t:telephone>0546511433</t:telephone>
                <t:telEndommagement>0546515151</t:telEndommagement>
                <t:gestionDesFichiersDematerialises>
                    <t:gereLesFichiersDematerialises>false</t:gereLesFichiersDematerialises>
                </t:gestionDesFichiersDematerialises>
            </t:contact>
            <t:categorieOuvrage>NS</t:categorieOuvrage>
            <t:classeOuvrage>CANALISATIONS_EAUX_USEES_OU_ASSAINISSEMENT</t:classeOuvrage>
            <t:codeOuvrage>ASSPL01</t:codeOuvrage>
            <t:statut>ACTIF</t:statut>
            <t:dateCreation>2012-10-07+02:00</t:dateCreation>
        </t:ouvrage>
    </t:listeDesOuvrages>
    <t:listeDesREADE/>
</t:dossierConsultation>
